dwc:taxonID	dcterms:language	dwc:vernacularName
122260	rus	blokha
122270	rus	blokha
122340	rus	blokha
122290	rus	blokha
122310	rus	blokha
122300	rus	blokha
122280	rus	blokha
122330	rus	blokha
122320	rus	blokha
122240	rus	blokha
122200	rus	blokha
122190	rus	blokha
122210	rus	blokha
122140	rus	blokha
122150	rus	blokha
122160	rus	blokha
122170	rus	blokha
122130	rus	blokha
122120	rus	blokha
121750	rus	blokha
121760	rus	blokha
121770	rus	blokha
121790	rus	blokha
121800	rus	blokha
121810	rus	blokha
121970	rus	blokha
121980	rus	blokha
121950	rus	blokha
121960	rus	blokha
121920	rus	blokha
121940	rus	blokha
121910	rus	blokha
121930	rus	blokha
121890	rus	blokha
121900	rus	blokha
121870	rus	blokha
121880	rus	blokha
121850	rus	blokha
121860	rus	blokha
121830	rus	blokha
121840	rus	blokha
122100	rus	blokha
122090	rus	blokha
122070	rus	blokha
122080	rus	blokha
122060	rus	blokha
122050	rus	blokha
122040	rus	blokha
122030	rus	blokha
122020	rus	blokha
122010	rus	blokha
122000	rus	blokha
121990	rus	blokha
121680	rus	blokha
121730	rus	blokha
121710	rus	blokha
121720	rus	blokha
106900	rus	blokha
106920	rus	blokha
106910	rus	blokha
106860	rus	blokha
106840	rus	blokha
106850	rus	blokha
106680	rus	blokha
106740	rus	blokha
106760	rus	blokha
139020	rus	blokha
106720	rus	blokha
106730	rus	blokha
106690	rus	blokha
106700	rus	blokha
106770	rus	blokha
106660	rus	blokha
106670	rus	blokha
106800	rus	blokha
106810	rus	blokha
106820	rus	blokha
106830	rus	blokha
106790	rus	blokha
106780	rus	blokha
106610	rus	blokha
106590	rus	blokha
106600	rus	blokha
106580	rus	blokha
106650	rus	blokha
106640	rus	blokha
106630	rus	blokha
106620	rus	blokha
138360	rus	blokha
138380	rus	blokha
138350	rus	blokha
138340	rus	blokha
138430	rus	blokha
138420	rus	blokha
138370	rus	blokha
138390	rus	blokha
138410	rus	blokha
138400	rus	blokha
135860	rus	blokha
135880	rus	blokha
135910	rus	blokha
135900	rus	blokha
135920	rus	blokha
135930	rus	blokha
135800	rus	blokha
135790	rus	blokha
135810	rus	blokha
135830	rus	blokha
135820	rus	blokha
135840	rus	blokha
135850	rus	blokha
135870	rus	blokha
135550	rus	blokha
135570	rus	blokha
135520	rus	blokha
135540	rus	blokha
135590	rus	blokha
135610	rus	blokha
135560	rus	blokha
135580	rus	blokha
135470	rus	blokha
135460	rus	blokha
135490	rus	blokha
135510	rus	blokha
135480	rus	blokha
135500	rus	blokha
135740	rus	blokha
135730	rus	blokha
135720	rus	blokha
135710	rus	blokha
135780	rus	blokha
135770	rus	blokha
135750	rus	blokha
135760	rus	blokha
135630	rus	blokha
135640	rus	blokha
135620	rus	blokha
135600	rus	blokha
135670	rus	blokha
135680	rus	blokha
135690	rus	blokha
135700	rus	blokha
135660	rus	blokha
135650	rus	blokha
136010	rus	blokha
135950	rus	blokha
135960	rus	blokha
135990	rus	blokha
135970	rus	blokha
136000	rus	blokha
135980	rus	blokha
136040	rus	blokha
135240	rus	blokha
135250	rus	blokha
135310	rus	blokha
135400	rus	blokha
135410	rus	blokha
135430	rus	blokha
135440	rus	blokha
135330	rus	blokha
135420	rus	blokha
135360	rus	blokha
135370	rus	blokha
135380	rus	blokha
135390	rus	blokha
135340	rus	blokha
135350	rus	blokha
135260	rus	blokha
135300	rus	blokha
135270	rus	blokha
135280	rus	blokha
135290	rus	blokha
135210	rus	blokha
135180	rus	blokha
135230	rus	blokha
135190	rus	blokha
135160	rus	blokha
135170	rus	blokha
135000	rus	blokha
134960	rus	blokha
134970	rus	blokha
134980	rus	blokha
135070	rus	blokha
135110	rus	blokha
135120	rus	blokha
135130	rus	blokha
135100	rus	blokha
135030	rus	blokha
135050	rus	blokha
135020	rus	blokha
133610	rus	blokha
133600	rus	blokha
133560	rus	blokha
133590	rus	blokha
133570	rus	blokha
133460	rus	blokha
133350	rus	blokha
133400	rus	blokha
133390	rus	blokha
133360	rus	blokha
133380	rus	blokha
133370	rus	blokha
133330	rus	blokha
133340	rus	blokha
133480	rus	blokha
133510	rus	blokha
133520	rus	blokha
133490	rus	blokha
133500	rus	blokha
133410	rus	blokha
133450	rus	blokha
133420	rus	blokha
133440	rus	blokha
133430	rus	blokha
133470	rus	blokha
133730	rus	blokha
133710	rus	blokha
133780	rus	blokha
138450	rus	blokha
133630	rus	blokha
133640	rus	blokha
138840	rus	blokha
133670	rus	blokha
133690	rus	blokha
133680	rus	blokha
133870	rus	blokha
133850	rus	blokha
133810	rus	blokha
133830	rus	blokha
133840	rus	blokha
133860	rus	blokha
133750	rus	blokha
133760	rus	blokha
132590	rus	blokha
132580	rus	blokha
132600	rus	blokha
132620	rus	blokha
132630	rus	blokha
132650	rus	blokha
132610	rus	blokha
132570	rus	blokha
131230	rus	blokha
131250	rus	blokha
131260	rus	blokha
131270	rus	blokha
131290	rus	blokha
131280	rus	blokha
131310	rus	blokha
131300	rus	blokha
131340	rus	blokha
131330	rus	blokha
131360	rus	blokha
131350	rus	blokha
131380	rus	blokha
131420	rus	blokha
131390	rus	blokha
131370	rus	blokha
131490	rus	blokha
131430	rus	blokha
131450	rus	blokha
131440	rus	blokha
131970	rus	blokha
131980	rus	blokha
131990	rus	blokha
131950	rus	blokha
131890	rus	blokha
131880	rus	blokha
131910	rus	blokha
131920	rus	blokha
131940	rus	blokha
131960	rus	blokha
131930	rus	blokha
131900	rus	blokha
131570	rus	blokha
131580	rus	blokha
131530	rus	blokha
131540	rus	blokha
131550	rus	blokha
131560	rus	blokha
131590	rus	blokha
131510	rus	blokha
131520	rus	blokha
131460	rus	blokha
131480	rus	blokha
131470	rus	blokha
131500	rus	blokha
131770	rus	blokha
131800	rus	blokha
131850	rus	blokha
131860	rus	blokha
131810	rus	blokha
131870	rus	blokha
131830	rus	blokha
131690	rus	blokha
131700	rus	blokha
131720	rus	blokha
131710	rus	blokha
131730	rus	blokha
131670	rus	blokha
131680	rus	blokha
131610	rus	blokha
131640	rus	blokha
131620	rus	blokha
131630	rus	blokha
131600	rus	blokha
132020	rus	blokha
132010	rus	blokha
132000	rus	blokha
138620	rus	blokha
138610	rus	blokha
138630	rus	blokha
132680	rus	blokha
132700	rus	blokha
132710	rus	blokha
132690	rus	blokha
132670	rus	blokha
138640	rus	blokha
138660	rus	blokha
138650	rus	blokha
132740	rus	blokha
132720	rus	blokha
132730	rus	blokha
132490	rus	blokha
132510	rus	blokha
132520	rus	blokha
132530	rus	blokha
132540	rus	blokha
132550	rus	blokha
132500	rus	blokha
132440	rus	blokha
132410	rus	blokha
132430	rus	blokha
132300	rus	blokha
132350	rus	blokha
132360	rus	blokha
132380	rus	blokha
132370	rus	blokha
132390	rus	blokha
132400	rus	blokha
132320	rus	blokha
132330	rus	blokha
132310	rus	blokha
132340	rus	blokha
132420	rus	blokha
132260	rus	blokha
132280	rus	blokha
132290	rus	blokha
132270	rus	blokha
132220	rus	blokha
132180	rus	blokha
132210	rus	blokha
132170	rus	blokha
132200	rus	blokha
132080	rus	blokha
132110	rus	blokha
132100	rus	blokha
132090	rus	blokha
132120	rus	blokha
132070	rus	blokha
132060	rus	blokha
132050	rus	blokha
133940	rus	blokha
133950	rus	blokha
133930	rus	blokha
134140	rus	blokha
134160	rus	blokha
134150	rus	blokha
133970	rus	blokha
134040	rus	blokha
134050	rus	blokha
134060	rus	blokha
134080	rus	blokha
134070	rus	blokha
133980	rus	blokha
134010	rus	blokha
134020	rus	blokha
134030	rus	blokha
133990	rus	blokha
134000	rus	blokha
133910	rus	blokha
134090	rus	blokha
134130	rus	blokha
134100	rus	blokha
134110	rus	blokha
134120	rus	blokha
134170	rus	blokha
134180	rus	blokha
134200	rus	blokha
134220	rus	blokha
134440	rus	blokha
134450	rus	blokha
134470	rus	blokha
134480	rus	blokha
134530	rus	blokha
134620	rus	blokha
134600	rus	blokha
134540	rus	blokha
134610	rus	blokha
134550	rus	blokha
134560	rus	blokha
134580	rus	blokha
134500	rus	blokha
134350	rus	blokha
134380	rus	blokha
134400	rus	blokha
134360	rus	blokha
138810	rus	blokha
134390	rus	blokha
134410	rus	blokha
134430	rus	blokha
134420	rus	blokha
134270	rus	blokha
134280	rus	blokha
134300	rus	blokha
134310	rus	blokha
134290	rus	blokha
134320	rus	blokha
134340	rus	blokha
134330	rus	blokha
134190	rus	blokha
134260	rus	blokha
134230	rus	blokha
134240	rus	blokha
138800	rus	blokha
134670	rus	blokha
134700	rus	blokha
134690	rus	blokha
134710	rus	blokha
134520	rus	blokha
134630	rus	blokha
134660	rus	blokha
134640	rus	blokha
134940	rus	blokha
134930	rus	blokha
134880	rus	blokha
134890	rus	blokha
134910	rus	blokha
134790	rus	blokha
134810	rus	blokha
134820	rus	blokha
134840	rus	blokha
134750	rus	blokha
134770	rus	blokha
134780	rus	blokha
134760	rus	blokha
134800	rus	blokha
134830	rus	blokha
134850	rus	blokha
134860	rus	blokha
134870	rus	blokha
131200	rus	blokha
131170	rus	blokha
131180	rus	blokha
131190	rus	blokha
132760	rus	blokha
132800	rus	blokha
132790	rus	blokha
132770	rus	blokha
133200	rus	blokha
133160	rus	blokha
133180	rus	blokha
133170	rus	blokha
132980	rus	blokha
133020	rus	blokha
133030	rus	blokha
133000	rus	blokha
133010	rus	blokha
133040	rus	blokha
132850	rus	blokha
132890	rus	blokha
132860	rus	blokha
132880	rus	blokha
132900	rus	blokha
132960	rus	blokha
132970	rus	blokha
132920	rus	blokha
132930	rus	blokha
132840	rus	blokha
132830	rus	blokha
132810	rus	blokha
132820	rus	blokha
133130	rus	blokha
133140	rus	blokha
133150	rus	blokha
133190	rus	blokha
133100	rus	blokha
133120	rus	blokha
133070	rus	blokha
133090	rus	blokha
133050	rus	blokha
133080	rus	blokha
133310	rus	blokha
139010	rus	blokha
139140	rus	blokha
133250	rus	blokha
133240	rus	blokha
133220	rus	blokha
139130	rus	blokha
139120	rus	blokha
133230	rus	blokha
133260	rus	blokha
139300	rus	blokha
133280	rus	blokha
128750	rus	blokha
128740	rus	blokha
128710	rus	blokha
128690	rus	blokha
128800	rus	blokha
128830	rus	blokha
128810	rus	blokha
128790	rus	blokha
128770	rus	blokha
128780	rus	blokha
129710	rus	blokha
129760	rus	blokha
129750	rus	blokha
129680	rus	blokha
129690	rus	blokha
129780	rus	blokha
129800	rus	blokha
129840	rus	blokha
129850	rus	blokha
129790	rus	blokha
129810	rus	blokha
129830	rus	blokha
129820	rus	blokha
129880	rus	blokha
129890	rus	blokha
129900	rus	blokha
129910	rus	blokha
129870	rus	blokha
129860	rus	blokha
129920	rus	blokha
129930	rus	blokha
129970	rus	blokha
129990	rus	blokha
129980	rus	blokha
129950	rus	blokha
130030	rus	blokha
130020	rus	blokha
130010	rus	blokha
130070	rus	blokha
130080	rus	blokha
130050	rus	blokha
130110	rus	blokha
130130	rus	blokha
130140	rus	blokha
122530	rus	blokha
122500	rus	blokha
122520	rus	blokha
122510	rus	blokha
122650	rus	blokha
122710	rus	blokha
122730	rus	blokha
122660	rus	blokha
122750	rus	blokha
122770	rus	blokha
122760	rus	blokha
122680	rus	blokha
138440	rus	blokha
122630	rus	blokha
122640	rus	blokha
122570	rus	blokha
122580	rus	blokha
122610	rus	blokha
122590	rus	blokha
122600	rus	blokha
122620	rus	blokha
122780	rus	blokha
122440	rus	blokha
122420	rus	blokha
122400	rus	blokha
130250	rus	blokha
130290	rus	blokha
130270	rus	blokha
130260	rus	blokha
130280	rus	blokha
130190	rus	blokha
130230	rus	blokha
130220	rus	blokha
130240	rus	blokha
130210	rus	blokha
130200	rus	blokha
130300	rus	blokha
130340	rus	blokha
130430	rus	blokha
130350	rus	blokha
130410	rus	blokha
130420	rus	blokha
130390	rus	blokha
130400	rus	blokha
130370	rus	blokha
130360	rus	blokha
130380	rus	blokha
130620	rus	blokha
130570	rus	blokha
130600	rus	blokha
130610	rus	blokha
130550	rus	blokha
130470	rus	blokha
130500	rus	blokha
130510	rus	blokha
130480	rus	blokha
130490	rus	blokha
130560	rus	blokha
130520	rus	blokha
130530	rus	blokha
130540	rus	blokha
130650	rus	blokha
130640	rus	blokha
130690	rus	blokha
130720	rus	blokha
130710	rus	blokha
130730	rus	blokha
130740	rus	blokha
130750	rus	blokha
130770	rus	blokha
130760	rus	blokha
130800	rus	blokha
130810	rus	blokha
130840	rus	blokha
130950	rus	blokha
130960	rus	blokha
130970	rus	blokha
130930	rus	blokha
130850	rus	blokha
130870	rus	blokha
130890	rus	blokha
130880	rus	blokha
130920	rus	blokha
130910	rus	blokha
130900	rus	blokha
130820	rus	blokha
129170	rus	blokha
129220	rus	blokha
129290	rus	blokha
129300	rus	blokha
129310	rus	blokha
129330	rus	blokha
129380	rus	blokha
129370	rus	blokha
129390	rus	blokha
129410	rus	blokha
129250	rus	blokha
129230	rus	blokha
129270	rus	blokha
129280	rus	blokha
129420	rus	blokha
129450	rus	blokha
129460	rus	blokha
129510	rus	blokha
129470	rus	blokha
129640	rus	blokha
129650	rus	blokha
129660	rus	blokha
129570	rus	blokha
129580	rus	blokha
129590	rus	blokha
129600	rus	blokha
129610	rus	blokha
138790	rus	blokha
129560	rus	blokha
129550	rus	blokha
129540	rus	blokha
129530	rus	blokha
122800	rus	blokha
122830	rus	blokha
122810	rus	blokha
122840	rus	blokha
123020	rus	blokha
123030	rus	blokha
123050	rus	blokha
123260	rus	blokha
123250	rus	blokha
123270	rus	blokha
123280	rus	blokha
123300	rus	blokha
123290	rus	blokha
123360	rus	blokha
123320	rus	blokha
123330	rus	blokha
123350	rus	blokha
123390	rus	blokha
123380	rus	blokha
123420	rus	blokha
123400	rus	blokha
123440	rus	blokha
123430	rus	blokha
123470	rus	blokha
123460	rus	blokha
123500	rus	blokha
123520	rus	blokha
123080	rus	blokha
123190	rus	blokha
123210	rus	blokha
123090	rus	blokha
123150	rus	blokha
123130	rus	blokha
123140	rus	blokha
123120	rus	blokha
123180	rus	blokha
123230	rus	blokha
123240	rus	blokha
123200	rus	blokha
123220	rus	blokha
126220	rus	blokha
126200	rus	blokha
126210	rus	blokha
126190	rus	blokha
126180	rus	blokha
126170	rus	blokha
126130	rus	blokha
126140	rus	blokha
126160	rus	blokha
126150	rus	blokha
126120	rus	blokha
126110	rus	blokha
126100	rus	blokha
126090	rus	blokha
126080	rus	blokha
126070	rus	blokha
126240	rus	blokha
126230	rus	blokha
126250	rus	blokha
126260	rus	blokha
126270	rus	blokha
125890	rus	blokha
125850	rus	blokha
125870	rus	blokha
125830	rus	blokha
125810	rus	blokha
125820	rus	blokha
125750	rus	blokha
125760	rus	blokha
125780	rus	blokha
125730	rus	blokha
125800	rus	blokha
125790	rus	blokha
125700	rus	blokha
125690	rus	blokha
125650	rus	blokha
125660	rus	blokha
125670	rus	blokha
125680	rus	blokha
125440	rus	blokha
125460	rus	blokha
125450	rus	blokha
125480	rus	blokha
125630	rus	blokha
125490	rus	blokha
125620	rus	blokha
125300	rus	blokha
125340	rus	blokha
125360	rus	blokha
125310	rus	blokha
125330	rus	blokha
125380	rus	blokha
125400	rus	blokha
125370	rus	blokha
125410	rus	blokha
125190	rus	blokha
125210	rus	blokha
125220	rus	blokha
125260	rus	blokha
125250	rus	blokha
125270	rus	blokha
125280	rus	blokha
125290	rus	blokha
125090	rus	blokha
125160	rus	blokha
125180	rus	blokha
125170	rus	blokha
125130	rus	blokha
125150	rus	blokha
125140	rus	blokha
125120	rus	blokha
125110	rus	blokha
131120	rus	blokha
131110	rus	blokha
130990	rus	blokha
131000	rus	blokha
131020	rus	blokha
131040	rus	blokha
131030	rus	blokha
131010	rus	blokha
131050	rus	blokha
131060	rus	blokha
131070	rus	blokha
131080	rus	blokha
131090	rus	blokha
131100	rus	blokha
127460	rus	blokha
127480	rus	blokha
127470	rus	blokha
127490	rus	blokha
127500	rus	blokha
127510	rus	blokha
127440	rus	blokha
127550	rus	blokha
127570	rus	blokha
138690	rus	blokha
127580	rus	blokha
127540	rus	blokha
126970	rus	blokha
126950	rus	blokha
126960	rus	blokha
127400	rus	blokha
127420	rus	blokha
127160	rus	blokha
127190	rus	blokha
127180	rus	blokha
127140	rus	blokha
127230	rus	blokha
127200	rus	blokha
127050	rus	blokha
138770	rus	blokha
138760	rus	blokha
127070	rus	blokha
127030	rus	blokha
127130	rus	blokha
127110	rus	blokha
127370	rus	blokha
127360	rus	blokha
127390	rus	blokha
127380	rus	blokha
127260	rus	blokha
127250	rus	blokha
127310	rus	blokha
127340	rus	blokha
127330	rus	blokha
127320	rus	blokha
127300	rus	blokha
126990	rus	blokha
126380	rus	blokha
126390	rus	blokha
126400	rus	blokha
126410	rus	blokha
126420	rus	blokha
126430	rus	blokha
126290	rus	blokha
126310	rus	blokha
126300	rus	blokha
126330	rus	blokha
126320	rus	blokha
126350	rus	blokha
126340	rus	blokha
126370	rus	blokha
126360	rus	blokha
126040	rus	blokha
126050	rus	blokha
126020	rus	blokha
126030	rus	blokha
125980	rus	blokha
125990	rus	blokha
126000	rus	blokha
126010	rus	blokha
125960	rus	blokha
125970	rus	blokha
125940	rus	blokha
125950	rus	blokha
125930	rus	blokha
125920	rus	blokha
138490	rus	blokha
124000	rus	blokha
123990	rus	blokha
123900	rus	blokha
123890	rus	blokha
123550	rus	blokha
123590	rus	blokha
123600	rus	blokha
123570	rus	blokha
123560	rus	blokha
123620	rus	blokha
123630	rus	blokha
123660	rus	blokha
123680	rus	blokha
123670	rus	blokha
138680	rus	blokha
138730	rus	blokha
138830	rus	blokha
124120	rus	blokha
124090	rus	blokha
124080	rus	blokha
124070	rus	blokha
124050	rus	blokha
124190	rus	blokha
124200	rus	blokha
124170	rus	blokha
124180	rus	blokha
124160	rus	blokha
124150	rus	blokha
124100	rus	blokha
124140	rus	blokha
124330	rus	blokha
124390	rus	blokha
124340	rus	blokha
124370	rus	blokha
124380	rus	blokha
124360	rus	blokha
124400	rus	blokha
124310	rus	blokha
124300	rus	blokha
124270	rus	blokha
124290	rus	blokha
124220	rus	blokha
124250	rus	blokha
124260	rus	blokha
124210	rus	blokha
124590	rus	blokha
124560	rus	blokha
124620	rus	blokha
124610	rus	blokha
124450	rus	blokha
124490	rus	blokha
124510	rus	blokha
124500	rus	blokha
124410	rus	blokha
124550	rus	blokha
124540	rus	blokha
124730	rus	blokha
124710	rus	blokha
124630	rus	blokha
124740	rus	blokha
124720	rus	blokha
125050	rus	blokha
125070	rus	blokha
125060	rus	blokha
123830	rus	blokha
123840	rus	blokha
123870	rus	blokha
123790	rus	blokha
123820	rus	blokha
123800	rus	blokha
123780	rus	blokha
123770	rus	blokha
123760	rus	blokha
123730	rus	blokha
123750	rus	blokha
123740	rus	blokha
123710	rus	blokha
123720	rus	blokha
123700	rus	blokha
123690	rus	blokha
138750	rus	blokha
126900	rus	blokha
126910	rus	blokha
126880	rus	blokha
126890	rus	blokha
126920	rus	blokha
126930	rus	blokha
126720	rus	blokha
138950	rus	blokha
126630	rus	blokha
126670	rus	blokha
126690	rus	blokha
126700	rus	blokha
126710	rus	blokha
126650	rus	blokha
126640	rus	blokha
126660	rus	blokha
126620	rus	blokha
126610	rus	blokha
126760	rus	blokha
126750	rus	blokha
126740	rus	blokha
126730	rus	blokha
126810	rus	blokha
126820	rus	blokha
126830	rus	blokha
126800	rus	blokha
126790	rus	blokha
126770	rus	blokha
126870	rus	blokha
126860	rus	blokha
126850	rus	blokha
126840	rus	blokha
126470	rus	blokha
126480	rus	blokha
126490	rus	blokha
126500	rus	blokha
126520	rus	blokha
126510	rus	blokha
126530	rus	blokha
126540	rus	blokha
126550	rus	blokha
126570	rus	blokha
126560	rus	blokha
126580	rus	blokha
126590	rus	blokha
126600	rus	blokha
138600	rus	blokha
138990	rus	blokha
128430	rus	blokha
128450	rus	blokha
128390	rus	blokha
128410	rus	blokha
128330	rus	blokha
128360	rus	blokha
128340	rus	blokha
128370	rus	blokha
128310	rus	blokha
138930	rus	blokha
138940	rus	blokha
138700	rus	blokha
127640	rus	blokha
127630	rus	blokha
127820	rus	blokha
127880	rus	blokha
127830	rus	blokha
127910	rus	blokha
127840	rus	blokha
127870	rus	blokha
127950	rus	blokha
127920	rus	blokha
127930	rus	blokha
127940	rus	blokha
127960	rus	blokha
127970	rus	blokha
127990	rus	blokha
127980	rus	blokha
128000	rus	blokha
128010	rus	blokha
128020	rus	blokha
127650	rus	blokha
127660	rus	blokha
127680	rus	blokha
127670	rus	blokha
127700	rus	blokha
127690	rus	blokha
127710	rus	blokha
127720	rus	blokha
127730	rus	blokha
127770	rus	blokha
127750	rus	blokha
127760	rus	blokha
127780	rus	blokha
127810	rus	blokha
127790	rus	blokha
127800	rus	blokha
128140	rus	blokha
128130	rus	blokha
128160	rus	blokha
128150	rus	blokha
128180	rus	blokha
128210	rus	blokha
128220	rus	blokha
128190	rus	blokha
128200	rus	blokha
128170	rus	blokha
128240	rus	blokha
128230	rus	blokha
128040	rus	blokha
128030	rus	blokha
128060	rus	blokha
128080	rus	blokha
128100	rus	blokha
128090	rus	blokha
128120	rus	blokha
128110	rus	blokha
128590	rus	blokha
128640	rus	blokha
128600	rus	blokha
128620	rus	blokha
128630	rus	blokha
128610	rus	blokha
128660	rus	blokha
128490	rus	blokha
128460	rus	blokha
128470	rus	blokha
128480	rus	blokha
128510	rus	blokha
128540	rus	blokha
128520	rus	blokha
128530	rus	blokha
128500	rus	blokha
128560	rus	blokha
128550	rus	blokha
128580	rus	blokha
128570	rus	blokha
128320	rus	blokha
128900	rus	blokha
128910	rus	blokha
128970	rus	blokha
128930	rus	blokha
128960	rus	blokha
128890	rus	blokha
128860	rus	blokha
128880	rus	blokha
128870	rus	blokha
129030	rus	blokha
129040	rus	blokha
129110	rus	blokha
129120	rus	blokha
129130	rus	blokha
129050	rus	blokha
129080	rus	blokha
129100	rus	blokha
129060	rus	blokha
129070	rus	blokha
128990	rus	blokha
128980	rus	blokha
129000	rus	blokha
129020	rus	blokha
138910	rus	blokha
138820	rus	blokha
138740	rus	blokha
138500	rus	blokha
124860	rus	blokha
124850	rus	blokha
124870	rus	blokha
124840	rus	blokha
124830	rus	blokha
125030	rus	blokha
125000	rus	blokha
124920	rus	blokha
124950	rus	blokha
124970	rus	blokha
124910	rus	blokha
124800	rus	blokha
124820	rus	blokha
124770	rus	blokha
139180	rus	blokha
122910	rus	blokha
122900	rus	blokha
122870	rus	blokha
122890	rus	blokha
122880	rus	blokha
122950	rus	blokha
123000	rus	blokha
122960	rus	blokha
122980	rus	blokha
122990	rus	blokha
122970	rus	blokha
122920	rus	blokha
122940	rus	blokha
122930	rus	blokha
139170	rus	blokha
138060	rus	blokha
138080	rus	blokha
138090	rus	blokha
138070	rus	blokha
138150	rus	blokha
138130	rus	blokha
138140	rus	blokha
138180	rus	blokha
138170	rus	blokha
138210	rus	blokha
138220	rus	blokha
138240	rus	blokha
138300	rus	blokha
138270	rus	blokha
138290	rus	blokha
138280	rus	blokha
138310	rus	blokha
136160	rus	blokha
136170	rus	blokha
136190	rus	blokha
136180	rus	blokha
137200	rus	blokha
137190	rus	blokha
137180	rus	blokha
137170	rus	blokha
137440	rus	blokha
137230	rus	blokha
137240	rus	blokha
137390	rus	blokha
137420	rus	blokha
137410	rus	blokha
137380	rus	blokha
137360	rus	blokha
137350	rus	blokha
137330	rus	blokha
137310	rus	blokha
137320	rus	blokha
137280	rus	blokha
137270	rus	blokha
137260	rus	blokha
136350	rus	blokha
136370	rus	blokha
136360	rus	blokha
136300	rus	blokha
136280	rus	blokha
136310	rus	blokha
136320	rus	blokha
136330	rus	blokha
136250	rus	blokha
136260	rus	blokha
136290	rus	blokha
136270	rus	blokha
136220	rus	blokha
136230	rus	blokha
136570	rus	blokha
136560	rus	blokha
136580	rus	blokha
136590	rus	blokha
136600	rus	blokha
136620	rus	blokha
136610	rus	blokha
136640	rus	blokha
136480	rus	blokha
136490	rus	blokha
136520	rus	blokha
136540	rus	blokha
136550	rus	blokha
136470	rus	blokha
136850	rus	blokha
136820	rus	blokha
136800	rus	blokha
136780	rus	blokha
136910	rus	blokha
136870	rus	blokha
136900	rus	blokha
136890	rus	blokha
136860	rus	blokha
136700	rus	blokha
136690	rus	blokha
136670	rus	blokha
136650	rus	blokha
136760	rus	blokha
136750	rus	blokha
136710	rus	blokha
136720	rus	blokha
138030	rus	blokha
137980	rus	blokha
138010	rus	blokha
138000	rus	blokha
137990	rus	blokha
137960	rus	blokha
137940	rus	blokha
137950	rus	blokha
137920	rus	blokha
137930	rus	blokha
137900	rus	blokha
137010	rus	blokha
137020	rus	blokha
137040	rus	blokha
137030	rus	blokha
137050	rus	blokha
137060	rus	blokha
137070	rus	blokha
137150	rus	blokha
137140	rus	blokha
137130	rus	blokha
137120	rus	blokha
137090	rus	blokha
137110	rus	blokha
137080	rus	blokha
137100	rus	blokha
136930	rus	blokha
136950	rus	blokha
136940	rus	blokha
136990	rus	blokha
136970	rus	blokha
136960	rus	blokha
139230	rus	blokha
138460	rus	blokha
137800	rus	blokha
137820	rus	blokha
137780	rus	blokha
137790	rus	blokha
137870	rus	blokha
137840	rus	blokha
137850	rus	blokha
137860	rus	blokha
137830	rus	blokha
137770	rus	blokha
137750	rus	blokha
137730	rus	blokha
137760	rus	blokha
137740	rus	blokha
137670	rus	blokha
137680	rus	blokha
137710	rus	blokha
137690	rus	blokha
137620	rus	blokha
137640	rus	blokha
137630	rus	blokha
137650	rus	blokha
137660	rus	blokha
137480	rus	blokha
137460	rus	blokha
137470	rus	blokha
137490	rus	blokha
137500	rus	blokha
137540	rus	blokha
137530	rus	blokha
137520	rus	blokha
107160	rus	blokha
107170	rus	blokha
107180	rus	blokha
107190	rus	blokha
107230	rus	blokha
107240	rus	blokha
107410	rus	blokha
107390	rus	blokha
107370	rus	blokha
107380	rus	blokha
107400	rus	blokha
107360	rus	blokha
107310	rus	blokha
107340	rus	blokha
107350	rus	blokha
107330	rus	blokha
107300	rus	blokha
107290	rus	blokha
107270	rus	blokha
107260	rus	blokha
107250	rus	blokha
107920	rus	blokha
107820	rus	blokha
107880	rus	blokha
107890	rus	blokha
107840	rus	blokha
107850	rus	blokha
107860	rus	blokha
107870	rus	blokha
107800	rus	blokha
107740	rus	blokha
107760	rus	blokha
107750	rus	blokha
107770	rus	blokha
107790	rus	blokha
107780	rus	blokha
107730	rus	blokha
107710	rus	blokha
107680	rus	blokha
107700	rus	blokha
107690	rus	blokha
107660	rus	blokha
107630	rus	blokha
107640	rus	blokha
107610	rus	blokha
107620	rus	blokha
107570	rus	blokha
107590	rus	blokha
107560	rus	blokha
107580	rus	blokha
107500	rus	blokha
107510	rus	blokha
107520	rus	blokha
107530	rus	blokha
107540	rus	blokha
107550	rus	blokha
107480	rus	blokha
107490	rus	blokha
107460	rus	blokha
107470	rus	blokha
107450	rus	blokha
107430	rus	blokha
107070	rus	blokha
107080	rus	blokha
107110	rus	blokha
107010	rus	blokha
107040	rus	blokha
107020	rus	blokha
107030	rus	blokha
106980	rus	blokha
109440	rus	blokha
109450	rus	blokha
109470	rus	blokha
109500	rus	blokha
109490	rus	blokha
109480	rus	blokha
109410	rus	blokha
109420	rus	blokha
109400	rus	blokha
109520	rus	blokha
109260	rus	blokha
109240	rus	blokha
109220	rus	blokha
109230	rus	blokha
109210	rus	blokha
107950	rus	blokha
107970	rus	blokha
107980	rus	blokha
107990	rus	blokha
108010	rus	blokha
108000	rus	blokha
108020	rus	blokha
108030	rus	blokha
108040	rus	blokha
108050	rus	blokha
108060	rus	blokha
108080	rus	blokha
108070	rus	blokha
108090	rus	blokha
108100	rus	blokha
108110	rus	blokha
108350	rus	blokha
108390	rus	blokha
108400	rus	blokha
108370	rus	blokha
108380	rus	blokha
108410	rus	blokha
108420	rus	blokha
108430	rus	blokha
108460	rus	blokha
108470	rus	blokha
108450	rus	blokha
108510	rus	blokha
108490	rus	blokha
108500	rus	blokha
108480	rus	blokha
108570	rus	blokha
108540	rus	blokha
108550	rus	blokha
108560	rus	blokha
108530	rus	blokha
108520	rus	blokha
108640	rus	blokha
108580	rus	blokha
108610	rus	blokha
108590	rus	blokha
108620	rus	blokha
108600	rus	blokha
108630	rus	blokha
108680	rus	blokha
108670	rus	blokha
108660	rus	blokha
108730	rus	blokha
108740	rus	blokha
108750	rus	blokha
108690	rus	blokha
108700	rus	blokha
108710	rus	blokha
108720	rus	blokha
108130	rus	blokha
108160	rus	blokha
108180	rus	blokha
108190	rus	blokha
108150	rus	blokha
108210	rus	blokha
108300	rus	blokha
138980	rus	blokha
108270	rus	blokha
108290	rus	blokha
108320	rus	blokha
109190	rus	blokha
109160	rus	blokha
109170	rus	blokha
109150	rus	blokha
109180	rus	blokha
108830	rus	blokha
108840	rus	blokha
108850	rus	blokha
108770	rus	blokha
108780	rus	blokha
109090	rus	blokha
109100	rus	blokha
109070	rus	blokha
109080	rus	blokha
109040	rus	blokha
109060	rus	blokha
109030	rus	blokha
109050	rus	blokha
109130	rus	blokha
109110	rus	blokha
109120	rus	blokha
109000	rus	blokha
108990	rus	blokha
109020	rus	blokha
109010	rus	blokha
108970	rus	blokha
108950	rus	blokha
108980	rus	blokha
108960	rus	blokha
108910	rus	blokha
108920	rus	blokha
108930	rus	blokha
108880	rus	blokha
108870	rus	blokha
108890	rus	blokha
108900	rus	blokha
108800	rus	blokha
138480	rus	blokha
109290	rus	blokha
109310	rus	blokha
109300	rus	blokha
109370	rus	blokha
109280	rus	blokha
109380	rus	blokha
109360	rus	blokha
138670	rus	blokha
109350	rus	blokha
109340	rus	blokha
109330	rus	blokha
139160	rus	blokha
139150	rus	blokha
108230	rus	blokha
108240	rus	blokha
139220	rus	blokha
139210	rus	blokha
103280	rus	blokha
103300	rus	blokha
103290	rus	blokha
103370	rus	blokha
103390	rus	blokha
103310	rus	blokha
103340	rus	blokha
103330	rus	blokha
103360	rus	blokha
103460	rus	blokha
103480	rus	blokha
103500	rus	blokha
103490	rus	blokha
103580	rus	blokha
103570	rus	blokha
103550	rus	blokha
103540	rus	blokha
103530	rus	blokha
103520	rus	blokha
103510	rus	blokha
103410	rus	blokha
103420	rus	blokha
103610	rus	blokha
100780	rus	blokha
100750	rus	blokha
100420	rus	blokha
100730	rus	blokha
100700	rus	blokha
100720	rus	blokha
100520	rus	blokha
100530	rus	blokha
100470	rus	blokha
100480	rus	blokha
100550	rus	blokha
100680	rus	blokha
100540	rus	blokha
100560	rus	blokha
100690	rus	blokha
100570	rus	blokha
100670	rus	blokha
100450	rus	blokha
100300	rus	blokha
100290	rus	blokha
100400	rus	blokha
100330	rus	blokha
100340	rus	blokha
100380	rus	blokha
101150	rus	blokha
101210	rus	blokha
101220	rus	blokha
101240	rus	blokha
101270	rus	blokha
101260	rus	blokha
101280	rus	blokha
100810	rus	blokha
101310	rus	blokha
101340	rus	blokha
101350	rus	blokha
101360	rus	blokha
101370	rus	blokha
101380	rus	blokha
101390	rus	blokha
101410	rus	blokha
101420	rus	blokha
101510	rus	blokha
101450	rus	blokha
101460	rus	blokha
101430	rus	blokha
101500	rus	blokha
101440	rus	blokha
101530	rus	blokha
101580	rus	blokha
101560	rus	blokha
101550	rus	blokha
101640	rus	blokha
101660	rus	blokha
101600	rus	blokha
101770	rus	blokha
101780	rus	blokha
101760	rus	blokha
101810	rus	blokha
101820	rus	blokha
101830	rus	blokha
101790	rus	blokha
101800	rus	blokha
101740	rus	blokha
101680	rus	blokha
101700	rus	blokha
101710	rus	blokha
101730	rus	blokha
101720	rus	blokha
101920	rus	blokha
101910	rus	blokha
101900	rus	blokha
101890	rus	blokha
101880	rus	blokha
101850	rus	blokha
101860	rus	blokha
102040	rus	blokha
102030	rus	blokha
102000	rus	blokha
101990	rus	blokha
101960	rus	blokha
101980	rus	blokha
101970	rus	blokha
101950	rus	blokha
101940	rus	blokha
138510	rus	blokha
103130	rus	blokha
103090	rus	blokha
103040	rus	blokha
103100	rus	blokha
103060	rus	blokha
103080	rus	blokha
103070	rus	blokha
102990	rus	blokha
102980	rus	blokha
103020	rus	blokha
103010	rus	blokha
102100	rus	blokha
102110	rus	blokha
102120	rus	blokha
102130	rus	blokha
102140	rus	blokha
102150	rus	blokha
102160	rus	blokha
102180	rus	blokha
102190	rus	blokha
102250	rus	blokha
102270	rus	blokha
102300	rus	blokha
102290	rus	blokha
102280	rus	blokha
102320	rus	blokha
102330	rus	blokha
102340	rus	blokha
102350	rus	blokha
102360	rus	blokha
102370	rus	blokha
102390	rus	blokha
102310	rus	blokha
102940	rus	blokha
102950	rus	blokha
102960	rus	blokha
102970	rus	blokha
102870	rus	blokha
102880	rus	blokha
102890	rus	blokha
102900	rus	blokha
102920	rus	blokha
102910	rus	blokha
102930	rus	blokha
102830	rus	blokha
102840	rus	blokha
102850	rus	blokha
102860	rus	blokha
102800	rus	blokha
102790	rus	blokha
102810	rus	blokha
102820	rus	blokha
102760	rus	blokha
102740	rus	blokha
102780	rus	blokha
102770	rus	blokha
102710	rus	blokha
102700	rus	blokha
102730	rus	blokha
102720	rus	blokha
102670	rus	blokha
102660	rus	blokha
102690	rus	blokha
102680	rus	blokha
102620	rus	blokha
102610	rus	blokha
102650	rus	blokha
102630	rus	blokha
102560	rus	blokha
102570	rus	blokha
102590	rus	blokha
102600	rus	blokha
102580	rus	blokha
102540	rus	blokha
102550	rus	blokha
102520	rus	blokha
102530	rus	blokha
102470	rus	blokha
102480	rus	blokha
102510	rus	blokha
102490	rus	blokha
102500	rus	blokha
102450	rus	blokha
102460	rus	blokha
102420	rus	blokha
102440	rus	blokha
102400	rus	blokha
102410	rus	blokha
102380	rus	blokha
101110	rus	blokha
101120	rus	blokha
101010	rus	blokha
101040	rus	blokha
101050	rus	blokha
101060	rus	blokha
101080	rus	blokha
101070	rus	blokha
101090	rus	blokha
101100	rus	blokha
100920	rus	blokha
100910	rus	blokha
100940	rus	blokha
100930	rus	blokha
100980	rus	blokha
100970	rus	blokha
101000	rus	blokha
100990	rus	blokha
100860	rus	blokha
100880	rus	blokha
100870	rus	blokha
100850	rus	blokha
100900	rus	blokha
100890	rus	blokha
139050	rus	blokha
106510	rus	blokha
106500	rus	blokha
106430	rus	blokha
106420	rus	blokha
106470	rus	blokha
106480	rus	blokha
106490	rus	blokha
106440	rus	blokha
106450	rus	blokha
106460	rus	blokha
106390	rus	blokha
106410	rus	blokha
106400	rus	blokha
106350	rus	blokha
106310	rus	blokha
106300	rus	blokha
106330	rus	blokha
106320	rus	blokha
138470	rus	blokha
106260	rus	blokha
106230	rus	blokha
106280	rus	blokha
106270	rus	blokha
106080	rus	blokha
106100	rus	blokha
106110	rus	blokha
106120	rus	blokha
106030	rus	blokha
106050	rus	blokha
106060	rus	blokha
106070	rus	blokha
106180	rus	blokha
106190	rus	blokha
106210	rus	blokha
106220	rus	blokha
106130	rus	blokha
106140	rus	blokha
106150	rus	blokha
106160	rus	blokha
106020	rus	blokha
106010	rus	blokha
106000	rus	blokha
105990	rus	blokha
105980	rus	blokha
105970	rus	blokha
105930	rus	blokha
105910	rus	blokha
138880	rus	blokha
121620	rus	blokha
121600	rus	blokha
139200	rus	blokha
103680	rus	blokha
103740	rus	blokha
105540	rus	blokha
105560	rus	blokha
105590	rus	blokha
105580	rus	blokha
105570	rus	blokha
105550	rus	blokha
105620	rus	blokha
105690	rus	blokha
105630	rus	blokha
105640	rus	blokha
105650	rus	blokha
105660	rus	blokha
105670	rus	blokha
105680	rus	blokha
105600	rus	blokha
105610	rus	blokha
105720	rus	blokha
103840	rus	blokha
103820	rus	blokha
103830	rus	blokha
103800	rus	blokha
103810	rus	blokha
103780	rus	blokha
103790	rus	blokha
104230	rus	blokha
104260	rus	blokha
104270	rus	blokha
104280	rus	blokha
104250	rus	blokha
104700	rus	blokha
104710	rus	blokha
104660	rus	blokha
104690	rus	blokha
104600	rus	blokha
104610	rus	blokha
104580	rus	blokha
104590	rus	blokha
104640	rus	blokha
104650	rus	blokha
104630	rus	blokha
104620	rus	blokha
105190	rus	blokha
105210	rus	blokha
105200	rus	blokha
105220	rus	blokha
105230	rus	blokha
105280	rus	blokha
105240	rus	blokha
105260	rus	blokha
105270	rus	blokha
105330	rus	blokha
105290	rus	blokha
105340	rus	blokha
105300	rus	blokha
105310	rus	blokha
105320	rus	blokha
105390	rus	blokha
105370	rus	blokha
105180	rus	blokha
105160	rus	blokha
105150	rus	blokha
105120	rus	blokha
104840	rus	blokha
104860	rus	blokha
104770	rus	blokha
104790	rus	blokha
104800	rus	blokha
104780	rus	blokha
104830	rus	blokha
104910	rus	blokha
104940	rus	blokha
104970	rus	blokha
104980	rus	blokha
104950	rus	blokha
104870	rus	blokha
104900	rus	blokha
105040	rus	blokha
105060	rus	blokha
104990	rus	blokha
105020	rus	blokha
105000	rus	blokha
105030	rus	blokha
105090	rus	blokha
105110	rus	blokha
105080	rus	blokha
105070	rus	blokha
105500	rus	blokha
105460	rus	blokha
105480	rus	blokha
105470	rus	blokha
105490	rus	blokha
105450	rus	blokha
105410	rus	blokha
105420	rus	blokha
105440	rus	blokha
105430	rus	blokha
104750	rus	blokha
104820	rus	blokha
104300	rus	blokha
104310	rus	blokha
104520	rus	blokha
104510	rus	blokha
104470	rus	blokha
104480	rus	blokha
104490	rus	blokha
104500	rus	blokha
104550	rus	blokha
104530	rus	blokha
104350	rus	blokha
104340	rus	blokha
104320	rus	blokha
104330	rus	blokha
104430	rus	blokha
104460	rus	blokha
104440	rus	blokha
104370	rus	blokha
104390	rus	blokha
104420	rus	blokha
104400	rus	blokha
104410	rus	blokha
104360	rus	blokha
138710	rus	blokha
103920	rus	blokha
103930	rus	blokha
103890	rus	blokha
103910	rus	blokha
103880	rus	blokha
104030	rus	blokha
104020	rus	blokha
104060	rus	blokha
104040	rus	blokha
104070	rus	blokha
104050	rus	blokha
104090	rus	blokha
104080	rus	blokha
103950	rus	blokha
103940	rus	blokha
103970	rus	blokha
103960	rus	blokha
104000	rus	blokha
103980	rus	blokha
104010	rus	blokha
103990	rus	blokha
104110	rus	blokha
104120	rus	blokha
104130	rus	blokha
104150	rus	blokha
104160	rus	blokha
104180	rus	blokha
104190	rus	blokha
104170	rus	blokha
104210	rus	blokha
139090	rus	blokha
139100	rus	blokha
139310	rus	blokha
105820	rus	blokha
105810	rus	blokha
105790	rus	blokha
105780	rus	blokha
105770	rus	blokha
105750	rus	blokha
105740	rus	blokha
139250	rus	blokha
139280	rus	blokha
109680	rus	blokha
109640	rus	blokha
109630	rus	blokha
109730	rus	blokha
109770	rus	blokha
109740	rus	blokha
109760	rus	blokha
109710	rus	blokha
109700	rus	blokha
109650	rus	blokha
109660	rus	blokha
109670	rus	blokha
109720	rus	blokha
109780	rus	blokha
109790	rus	blokha
109810	rus	blokha
109800	rus	blokha
109890	rus	blokha
109900	rus	blokha
109920	rus	blokha
109830	rus	blokha
109840	rus	blokha
109870	rus	blokha
109860	rus	blokha
110150	rus	blokha
110180	rus	blokha
110170	rus	blokha
110080	rus	blokha
110070	rus	blokha
110110	rus	blokha
110090	rus	blokha
110120	rus	blokha
109940	rus	blokha
109960	rus	blokha
109950	rus	blokha
110010	rus	blokha
109970	rus	blokha
110060	rus	blokha
110020	rus	blokha
119880	rus	blokha
119930	rus	blokha
119920	rus	blokha
110250	rus	blokha
110230	rus	blokha
110240	rus	blokha
110220	rus	blokha
110340	rus	blokha
110320	rus	blokha
110280	rus	blokha
110290	rus	blokha
110300	rus	blokha
110310	rus	blokha
110270	rus	blokha
110260	rus	blokha
110480	rus	blokha
110450	rus	blokha
110460	rus	blokha
110470	rus	blokha
110410	rus	blokha
110430	rus	blokha
110420	rus	blokha
110440	rus	blokha
110540	rus	blokha
110520	rus	blokha
115250	rus	blokha
115210	rus	blokha
115240	rus	blokha
115220	rus	blokha
115230	rus	blokha
115170	rus	blokha
115190	rus	blokha
115180	rus	blokha
115790	rus	blokha
115810	rus	blokha
115800	rus	blokha
115740	rus	blokha
115780	rus	blokha
115890	rus	blokha
115770	rus	blokha
115760	rus	blokha
115750	rus	blokha
115730	rus	blokha
115920	rus	blokha
115910	rus	blokha
115900	rus	blokha
115820	rus	blokha
115880	rus	blokha
115840	rus	blokha
115860	rus	blokha
115630	rus	blokha
115710	rus	blokha
115660	rus	blokha
115690	rus	blokha
115680	rus	blokha
115670	rus	blokha
115640	rus	blokha
115600	rus	blokha
117400	rus	blokha
117410	rus	blokha
117420	rus	blokha
117430	rus	blokha
117450	rus	blokha
117470	rus	blokha
117480	rus	blokha
117490	rus	blokha
117510	rus	blokha
117500	rus	blokha
117520	rus	blokha
117530	rus	blokha
117320	rus	blokha
117310	rus	blokha
117340	rus	blokha
121060	rus	blokha
121080	rus	blokha
121070	rus	blokha
120990	rus	blokha
121040	rus	blokha
121050	rus	blokha
121000	rus	blokha
121010	rus	blokha
121020	rus	blokha
121030	rus	blokha
117810	rus	blokha
117800	rus	blokha
116050	rus	blokha
116100	rus	blokha
116090	rus	blokha
116110	rus	blokha
116080	rus	blokha
116070	rus	blokha
116130	rus	blokha
116120	rus	blokha
116230	rus	blokha
116170	rus	blokha
116220	rus	blokha
116190	rus	blokha
116210	rus	blokha
116010	rus	blokha
116380	rus	blokha
116390	rus	blokha
116400	rus	blokha
116290	rus	blokha
116300	rus	blokha
116320	rus	blokha
116310	rus	blokha
116330	rus	blokha
116350	rus	blokha
116340	rus	blokha
116360	rus	blokha
116280	rus	blokha
116260	rus	blokha
118270	rus	blokha
118280	rus	blokha
118260	rus	blokha
118310	rus	blokha
118320	rus	blokha
118290	rus	blokha
118300	rus	blokha
118330	rus	blokha
118200	rus	blokha
118210	rus	blokha
118180	rus	blokha
118240	rus	blokha
118220	rus	blokha
118230	rus	blokha
118130	rus	blokha
118120	rus	blokha
118110	rus	blokha
118080	rus	blokha
118150	rus	blokha
118160	rus	blokha
118140	rus	blokha
118020	rus	blokha
118010	rus	blokha
118000	rus	blokha
117980	rus	blokha
118070	rus	blokha
118060	rus	blokha
118050	rus	blokha
118040	rus	blokha
117960	rus	blokha
117970	rus	blokha
117830	rus	blokha
117840	rus	blokha
117860	rus	blokha
117880	rus	blokha
117890	rus	blokha
117900	rus	blokha
117910	rus	blokha
117930	rus	blokha
117850	rus	blokha
120520	rus	blokha
120510	rus	blokha
120490	rus	blokha
120440	rus	blokha
120450	rus	blokha
120480	rus	blokha
120400	rus	blokha
120410	rus	blokha
120420	rus	blokha
120430	rus	blokha
120360	rus	blokha
120350	rus	blokha
120340	rus	blokha
120330	rus	blokha
120320	rus	blokha
118410	rus	blokha
118390	rus	blokha
118380	rus	blokha
119960	rus	blokha
120280	rus	blokha
120100	rus	blokha
120110	rus	blokha
120120	rus	blokha
120130	rus	blokha
120230	rus	blokha
120240	rus	blokha
120220	rus	blokha
120210	rus	blokha
120250	rus	blokha
120140	rus	blokha
120270	rus	blokha
120260	rus	blokha
120180	rus	blokha
120190	rus	blokha
120200	rus	blokha
120150	rus	blokha
120170	rus	blokha
120160	rus	blokha
120060	rus	blokha
120070	rus	blokha
120090	rus	blokha
120080	rus	blokha
120020	rus	blokha
120030	rus	blokha
120040	rus	blokha
120050	rus	blokha
119980	rus	blokha
119990	rus	blokha
120010	rus	blokha
118570	rus	blokha
118560	rus	blokha
118580	rus	blokha
118520	rus	blokha
118510	rus	blokha
118530	rus	blokha
118540	rus	blokha
118500	rus	blokha
118460	rus	blokha
118470	rus	blokha
118490	rus	blokha
118650	rus	blokha
118640	rus	blokha
118620	rus	blokha
118600	rus	blokha
118590	rus	blokha
118690	rus	blokha
118680	rus	blokha
118670	rus	blokha
118720	rus	blokha
115950	rus	blokha
115940	rus	blokha
138550	rus	blokha
115970	rus	blokha
116430	rus	blokha
116440	rus	blokha
100020	rus	blokha
115080	rus	blokha
115090	rus	blokha
115100	rus	blokha
115110	rus	blokha
115120	rus	blokha
115130	rus	blokha
115140	rus	blokha
138860	rus	blokha
138560	rus	blokha
114570	rus	blokha
114560	rus	blokha
114590	rus	blokha
114580	rus	blokha
114610	rus	blokha
114600	rus	blokha
114640	rus	blokha
114620	rus	blokha
114650	rus	blokha
114630	rus	blokha
114670	rus	blokha
114660	rus	blokha
114690	rus	blokha
114680	rus	blokha
114700	rus	blokha
114710	rus	blokha
114740	rus	blokha
114730	rus	blokha
114750	rus	blokha
114760	rus	blokha
114770	rus	blokha
114780	rus	blokha
114810	rus	blokha
114820	rus	blokha
114830	rus	blokha
114840	rus	blokha
114850	rus	blokha
114880	rus	blokha
114860	rus	blokha
114900	rus	blokha
114890	rus	blokha
114910	rus	blokha
114470	rus	blokha
114480	rus	blokha
114510	rus	blokha
114550	rus	blokha
114490	rus	blokha
114520	rus	blokha
114540	rus	blokha
114530	rus	blokha
115020	rus	blokha
115040	rus	blokha
115050	rus	blokha
115060	rus	blokha
115030	rus	blokha
115070	rus	blokha
115010	rus	blokha
114970	rus	blokha
114990	rus	blokha
114980	rus	blokha
115000	rus	blokha
114960	rus	blokha
114940	rus	blokha
114930	rus	blokha
114920	rus	blokha
110370	rus	blokha
139000	rus	blokha
117120	rus	blokha
117110	rus	blokha
117190	rus	blokha
138960	rus	blokha
138970	rus	blokha
138530	rus	blokha
138520	rus	blokha
116720	rus	blokha
116730	rus	blokha
116740	rus	blokha
116750	rus	blokha
116770	rus	blokha
116760	rus	blokha
116790	rus	blokha
116810	rus	blokha
116590	rus	blokha
116600	rus	blokha
116610	rus	blokha
116640	rus	blokha
116620	rus	blokha
116630	rus	blokha
116650	rus	blokha
116660	rus	blokha
116670	rus	blokha
116690	rus	blokha
116700	rus	blokha
116710	rus	blokha
116680	rus	blokha
116900	rus	blokha
116910	rus	blokha
116930	rus	blokha
116980	rus	blokha
116940	rus	blokha
116990	rus	blokha
116950	rus	blokha
116960	rus	blokha
116970	rus	blokha
116920	rus	blokha
117010	rus	blokha
117020	rus	blokha
117040	rus	blokha
117030	rus	blokha
117000	rus	blokha
117060	rus	blokha
117070	rus	blokha
117080	rus	blokha
117050	rus	blokha
116840	rus	blokha
116820	rus	blokha
116850	rus	blokha
116830	rus	blokha
116870	rus	blokha
116860	rus	blokha
116890	rus	blokha
116880	rus	blokha
116520	rus	blokha
116540	rus	blokha
116530	rus	blokha
116500	rus	blokha
116480	rus	blokha
116570	rus	blokha
116580	rus	blokha
116560	rus	blokha
116550	rus	blokha
117280	rus	blokha
117290	rus	blokha
117200	rus	blokha
117230	rus	blokha
117210	rus	blokha
117240	rus	blokha
117260	rus	blokha
117270	rus	blokha
117250	rus	blokha
117130	rus	blokha
117160	rus	blokha
117170	rus	blokha
117180	rus	blokha
117140	rus	blokha
117150	rus	blokha
119820	rus	blokha
119840	rus	blokha
119850	rus	blokha
119790	rus	blokha
119800	rus	blokha
119810	rus	blokha
119830	rus	blokha
119750	rus	blokha
119760	rus	blokha
119770	rus	blokha
119780	rus	blokha
119710	rus	blokha
119720	rus	blokha
119730	rus	blokha
138900	rus	blokha
115350	rus	blokha
115340	rus	blokha
115370	rus	blokha
115360	rus	blokha
115390	rus	blokha
115380	rus	blokha
115410	rus	blokha
115400	rus	blokha
115300	rus	blokha
115290	rus	blokha
115330	rus	blokha
115320	rus	blokha
115510	rus	blokha
115530	rus	blokha
115500	rus	blokha
115520	rus	blokha
115540	rus	blokha
115560	rus	blokha
115440	rus	blokha
115450	rus	blokha
115420	rus	blokha
115430	rus	blokha
115480	rus	blokha
115490	rus	blokha
115460	rus	blokha
115470	rus	blokha
138850	rus	blokha
120730	rus	blokha
120710	rus	blokha
120720	rus	blokha
120760	rus	blokha
120770	rus	blokha
120740	rus	blokha
120750	rus	blokha
120820	rus	blokha
120830	rus	blokha
120910	rus	blokha
120840	rus	blokha
120920	rus	blokha
120890	rus	blokha
120900	rus	blokha
120880	rus	blokha
120800	rus	blokha
120810	rus	blokha
120930	rus	blokha
120950	rus	blokha
120960	rus	blokha
120940	rus	blokha
120970	rus	blokha
120670	rus	blokha
120680	rus	blokha
120700	rus	blokha
120690	rus	blokha
120650	rus	blokha
120660	rus	blokha
120630	rus	blokha
120640	rus	blokha
120610	rus	blokha
120620	rus	blokha
120550	rus	blokha
120570	rus	blokha
120580	rus	blokha
120600	rus	blokha
120560	rus	blokha
120590	rus	blokha
139060	rus	blokha
138570	rus	blokha
112050	rus	blokha
112040	rus	blokha
112030	rus	blokha
112020	rus	blokha
112090	rus	blokha
112080	rus	blokha
112070	rus	blokha
112060	rus	blokha
112130	rus	blokha
112120	rus	blokha
112110	rus	blokha
112100	rus	blokha
112180	rus	blokha
112160	rus	blokha
112150	rus	blokha
112140	rus	blokha
112200	rus	blokha
112210	rus	blokha
112170	rus	blokha
112190	rus	blokha
112940	rus	blokha
112950	rus	blokha
112990	rus	blokha
112980	rus	blokha
112960	rus	blokha
112970	rus	blokha
113000	rus	blokha
112890	rus	blokha
112900	rus	blokha
112910	rus	blokha
112930	rus	blokha
112920	rus	blokha
113020	rus	blokha
113040	rus	blokha
113060	rus	blokha
113070	rus	blokha
113010	rus	blokha
113030	rus	blokha
113150	rus	blokha
113160	rus	blokha
113090	rus	blokha
113110	rus	blokha
113140	rus	blokha
113120	rus	blokha
113130	rus	blokha
113190	rus	blokha
113170	rus	blokha
113240	rus	blokha
113200	rus	blokha
113220	rus	blokha
113230	rus	blokha
113210	rus	blokha
113270	rus	blokha
113260	rus	blokha
113310	rus	blokha
113280	rus	blokha
138590	rus	blokha
113290	rus	blokha
113330	rus	blokha
113350	rus	blokha
113370	rus	blokha
113320	rus	blokha
113420	rus	blokha
113430	rus	blokha
113490	rus	blokha
113500	rus	blokha
113450	rus	blokha
113460	rus	blokha
113470	rus	blokha
113480	rus	blokha
113440	rus	blokha
113390	rus	blokha
113410	rus	blokha
113400	rus	blokha
113560	rus	blokha
113570	rus	blokha
113590	rus	blokha
113510	rus	blokha
113520	rus	blokha
113550	rus	blokha
113540	rus	blokha
113530	rus	blokha
113620	rus	blokha
113630	rus	blokha
113660	rus	blokha
113650	rus	blokha
113610	rus	blokha
113670	rus	blokha
113680	rus	blokha
113690	rus	blokha
113710	rus	blokha
113730	rus	blokha
113720	rus	blokha
113740	rus	blokha
113770	rus	blokha
113750	rus	blokha
113760	rus	blokha
113790	rus	blokha
113830	rus	blokha
113800	rus	blokha
113820	rus	blokha
113810	rus	blokha
113850	rus	blokha
113870	rus	blokha
113880	rus	blokha
113890	rus	blokha
113900	rus	blokha
113910	rus	blokha
113930	rus	blokha
113940	rus	blokha
113950	rus	blokha
113960	rus	blokha
113980	rus	blokha
113970	rus	blokha
111160	rus	blokha
111200	rus	blokha
111180	rus	blokha
111190	rus	blokha
111170	rus	blokha
111210	rus	blokha
138580	rus	blokha
111220	rus	blokha
111030	rus	blokha
111060	rus	blokha
111040	rus	blokha
111050	rus	blokha
111070	rus	blokha
111130	rus	blokha
111140	rus	blokha
111150	rus	blokha
111110	rus	blokha
111120	rus	blokha
111080	rus	blokha
111090	rus	blokha
111100	rus	blokha
110600	rus	blokha
110620	rus	blokha
110610	rus	blokha
110640	rus	blokha
110810	rus	blokha
110820	rus	blokha
110830	rus	blokha
110880	rus	blokha
110890	rus	blokha
110930	rus	blokha
110920	rus	blokha
110900	rus	blokha
110910	rus	blokha
110940	rus	blokha
110970	rus	blokha
110990	rus	blokha
111010	rus	blokha
110980	rus	blokha
110720	rus	blokha
110730	rus	blokha
110740	rus	blokha
110750	rus	blokha
110770	rus	blokha
110790	rus	blokha
110650	rus	blokha
138720	rus	blokha
110710	rus	blokha
110580	rus	blokha
110590	rus	blokha
111440	rus	blokha
111430	rus	blokha
111530	rus	blokha
111450	rus	blokha
111460	rus	blokha
111470	rus	blokha
111330	rus	blokha
111340	rus	blokha
111350	rus	blokha
111240	rus	blokha
111320	rus	blokha
111290	rus	blokha
111250	rus	blokha
111310	rus	blokha
111410	rus	blokha
111370	rus	blokha
111380	rus	blokha
111400	rus	blokha
111390	rus	blokha
111650	rus	blokha
111630	rus	blokha
111660	rus	blokha
111640	rus	blokha
111540	rus	blokha
111570	rus	blokha
111580	rus	blokha
111550	rus	blokha
111480	rus	blokha
111490	rus	blokha
111520	rus	blokha
111510	rus	blokha
111610	rus	blokha
111590	rus	blokha
111740	rus	blokha
111760	rus	blokha
111810	rus	blokha
111770	rus	blokha
111790	rus	blokha
111750	rus	blokha
111820	rus	blokha
111670	rus	blokha
111680	rus	blokha
111690	rus	blokha
111700	rus	blokha
111710	rus	blokha
111720	rus	blokha
111920	rus	blokha
111930	rus	blokha
111940	rus	blokha
111990	rus	blokha
112000	rus	blokha
111980	rus	blokha
111950	rus	blokha
111960	rus	blokha
111970	rus	blokha
112010	rus	blokha
111830	rus	blokha
111870	rus	blokha
111880	rus	blokha
111850	rus	blokha
111860	rus	blokha
111840	rus	blokha
111890	rus	blokha
111900	rus	blokha
111910	rus	blokha
114430	rus	blokha
114410	rus	blokha
114360	rus	blokha
114380	rus	blokha
114370	rus	blokha
114340	rus	blokha
114400	rus	blokha
114390	rus	blokha
114300	rus	blokha
114290	rus	blokha
114350	rus	blokha
114310	rus	blokha
114220	rus	blokha
114240	rus	blokha
114250	rus	blokha
114260	rus	blokha
139040	rus	blokha
114280	rus	blokha
114270	rus	blokha
114190	rus	blokha
139270	rus	blokha
139330	rus	blokha
139290	rus	blokha
139080	rus	blokha
139190	rus	blokha
138920	rus	blokha
112380	rus	blokha
112390	rus	blokha
112410	rus	blokha
112400	rus	blokha
112420	rus	blokha
112480	rus	blokha
112510	rus	blokha
112490	rus	blokha
112500	rus	blokha
112450	rus	blokha
112460	rus	blokha
112470	rus	blokha
112430	rus	blokha
112530	rus	blokha
112560	rus	blokha
112540	rus	blokha
112290	rus	blokha
112280	rus	blokha
112300	rus	blokha
112340	rus	blokha
112310	rus	blokha
112330	rus	blokha
112350	rus	blokha
112370	rus	blokha
112360	rus	blokha
112220	rus	blokha
112230	rus	blokha
112260	rus	blokha
112270	rus	blokha
112820	rus	blokha
112810	rus	blokha
112790	rus	blokha
139070	rus	blokha
112770	rus	blokha
112760	rus	blokha
112750	rus	blokha
112730	rus	blokha
112720	rus	blokha
112690	rus	blokha
112710	rus	blokha
112700	rus	blokha
112680	rus	blokha
112640	rus	blokha
112670	rus	blokha
112660	rus	blokha
112650	rus	blokha
112630	rus	blokha
112620	rus	blokha
112600	rus	blokha
112610	rus	blokha
112590	rus	blokha
112880	rus	blokha
112830	rus	blokha
112860	rus	blokha
112850	rus	blokha
112870	rus	blokha
114140	rus	blokha
114110	rus	blokha
139030	rus	blokha
114130	rus	blokha
114120	rus	blokha
114100	rus	blokha
114000	rus	blokha
114060	rus	blokha
114070	rus	blokha
114080	rus	blokha
114010	rus	blokha
114030	rus	blokha
114040	rus	blokha
114050	rus	blokha
114020	rus	blokha
114180	rus	blokha
114170	rus	blokha
114160	rus	blokha
114150	rus	blokha
114230	rus	blokha
114210	rus	blokha
114200	rus	blokha
119350	rus	blokha
119360	rus	blokha
119330	rus	blokha
119340	rus	blokha
119310	rus	blokha
119320	rus	blokha
119300	rus	blokha
119290	rus	blokha
119270	rus	blokha
119280	rus	blokha
119230	rus	blokha
119260	rus	blokha
119220	rus	blokha
119240	rus	blokha
119200	rus	blokha
119190	rus	blokha
119660	rus	blokha
119650	rus	blokha
119640	rus	blokha
119630	rus	blokha
139260	rus	blokha
139110	rus	blokha
138870	rus	blokha
138890	rus	blokha
138540	rus	blokha
118770	rus	blokha
118780	rus	blokha
119080	rus	blokha
119130	rus	blokha
119120	rus	blokha
119160	rus	blokha
119150	rus	blokha
119170	rus	blokha
119180	rus	blokha
119070	rus	blokha
119060	rus	blokha
119050	rus	blokha
119030	rus	blokha
119010	rus	blokha
118850	rus	blokha
118860	rus	blokha
118830	rus	blokha
118840	rus	blokha
118810	rus	blokha
118820	rus	blokha
118790	rus	blokha
118800	rus	blokha
119000	rus	blokha
119020	rus	blokha
118920	rus	blokha
118930	rus	blokha
118960	rus	blokha
118980	rus	blokha
118990	rus	blokha
118970	rus	blokha
118950	rus	blokha
118940	rus	blokha
118890	rus	blokha
118900	rus	blokha
118870	rus	blokha
118880	rus	blokha
119690	rus	blokha
119400	rus	blokha
119410	rus	blokha
119430	rus	blokha
119450	rus	blokha
119470	rus	blokha
119480	rus	blokha
119550	rus	blokha
119500	rus	blokha
119520	rus	blokha
119540	rus	blokha
119530	rus	blokha
119510	rus	blokha
119570	rus	blokha
119580	rus	blokha
119590	rus	blokha
119600	rus	blokha
119610	rus	blokha
119620	rus	blokha
117560	rus	blokha
117570	rus	blokha
117590	rus	blokha
117660	rus	blokha
117640	rus	blokha
117620	rus	blokha
117600	rus	blokha
117700	rus	blokha
117690	rus	blokha
117680	rus	blokha
117670	rus	blokha
117770	rus	blokha
117780	rus	blokha
117720	rus	blokha
117760	rus	blokha
117740	rus	blokha
117750	rus	blokha
117710	rus	blokha
142200	rus	blokha
121540	rus	blokha
121560	rus	blokha
121420	rus	blokha
121430	rus	blokha
121440	rus	blokha
121410	rus	blokha
121510	rus	blokha
121520	rus	blokha
121360	rus	blokha
121380	rus	blokha
121240	rus	blokha
121250	rus	blokha
121200	rus	blokha
121210	rus	blokha
121230	rus	blokha
121220	rus	blokha
121190	rus	blokha
121300	rus	blokha
121320	rus	blokha
121270	rus	blokha
121290	rus	blokha
121120	rus	blokha
121130	rus	blokha
121160	rus	blokha
121170	rus	blokha
121140	rus	blokha
121150	rus	blokha
121310	rus	blokha
100030	rus	blokha
139320	rus	blokha
121460	rus	blokha
121480	rus	blokha
121470	rus	blokha
139240	rus	blokha
